{"IcoMoonType":"selection","icons":[{"icon":{"paths":["M657.493 707.413l-195.413-195.413 195.413-195.84-60.16-60.16-256 256 256 256 60.16-60.587z"],"attrs":[{}],"isMulticolor":false,"isMulticolor2":false,"tags":["chevron-left"],"grid":0},"attrs":[{}],"properties":{"order":104,"id":0,"name":"chevron-left","prevSize":32,"code":59689},"setIdx":0,"setId":6,"iconIdx":0},{"icon":{"paths":["M366.507 707.413l195.413-195.413-195.413-195.84 60.16-60.16 256 256-256 256-60.16-60.587z"],"attrs":[{}],"isMulticolor":false,"isMulticolor2":false,"tags":["chevron-right"],"grid":0},"attrs":[{}],"properties":{"order":103,"id":1,"name":"chevron-right","prevSize":32,"code":59690},"setIdx":0,"setId":6,"iconIdx":1},{"icon":{"paths":["M853.333 469.333v85.333h-512l234.667 234.667-60.587 60.587-337.92-337.92 337.92-337.92 60.587 60.587-234.667 234.667h512z"],"attrs":[{}],"isMulticolor":false,"isMulticolor2":false,"tags":["arrow-left"],"grid":0},"attrs":[{}],"properties":{"order":102,"id":2,"name":"arrow-left","prevSize":32,"code":59691},"setIdx":0,"setId":6,"iconIdx":2},{"icon":{"paths":["M170.667 469.333v85.333h512l-234.667 234.667 60.587 60.587 337.92-337.92-337.92-337.92-60.587 60.587 234.667 234.667h-512z"],"attrs":[{}],"isMulticolor":false,"isMulticolor2":false,"tags":["arrow-right"],"grid":0},"attrs":[{}],"properties":{"order":101,"id":3,"name":"arrow-right","prevSize":32,"code":59692},"setIdx":0,"setId":6,"iconIdx":3},{"icon":{"paths":["M512 490.667c-58.88 0-106.667-47.787-106.667-106.667s47.787-106.667 106.667-106.667c58.88 0 106.667 47.787 106.667 106.667s-47.787 106.667-106.667 106.667zM512 85.333c-165.12 0-298.667 133.547-298.667 298.667 0 224 298.667 554.667 298.667 554.667s298.667-330.667 298.667-554.667c0-165.12-133.547-298.667-298.667-298.667z"],"attrs":[{}],"isMulticolor":false,"isMulticolor2":false,"tags":["map-marker"],"grid":0},"attrs":[{}],"properties":{"order":100,"id":4,"name":"map-marker","prevSize":32,"code":59693},"setIdx":0,"setId":6,"iconIdx":4},{"icon":{"paths":["M298.667 426.667l213.333 213.333 213.333-213.333h-426.667z"],"attrs":[{}],"isMulticolor":false,"isMulticolor2":false,"tags":["menu-down"],"grid":0},"attrs":[{}],"properties":{"order":99,"id":5,"name":"menu-down","prevSize":32,"code":59694},"setIdx":0,"setId":6,"iconIdx":5},{"icon":{"paths":["M298.667 640l213.333-213.333 213.333 213.333h-426.667z"],"attrs":[{}],"isMulticolor":false,"isMulticolor2":false,"tags":["menu-up"],"grid":0},"attrs":[{}],"properties":{"order":98,"id":6,"name":"menu-up","prevSize":32,"code":59648},"setIdx":0,"setId":6,"iconIdx":6},{"icon":{"paths":["M574.293 512l236.373 236.373v62.293h-62.293l-236.373-236.373-236.373 236.373h-62.293v-62.293l236.373-236.373-236.373-236.373v-62.293h62.293l236.373 236.373 236.373-236.373h62.293v62.293l-236.373 236.373z"],"attrs":[{}],"isMulticolor":false,"isMulticolor2":false,"tags":["window-close"],"grid":0},"attrs":[{}],"properties":{"order":97,"id":7,"name":"window-close","prevSize":32,"code":59695},"setIdx":0,"setId":6,"iconIdx":7},{"icon":{"paths":["M151.467 791.040l60.16 60.16 76.8-76.373-60.587-60.587zM469.333 957.867c13.653 0 85.333 0 85.333 0v-125.867h-85.333zM512 234.667c-141.227 0-256 114.773-256 256s114.773 256 256 256c141.227 0 256-114.773 256-256 0-141.653-114.773-256-256-256zM853.333 533.333h128v-85.333h-128zM735.573 774.827l76.8 76.373 60.16-60.16-76.373-76.8zM872.533 190.293l-60.16-60.16-76.8 76.373 60.587 60.587zM554.667 23.467h-85.333v125.867h85.333zM170.667 448h-128v85.333h128zM288.427 206.507l-76.8-76.373-60.16 60.16 76.373 76.8 60.587-60.587z"],"attrs":[{}],"isMulticolor":false,"isMulticolor2":false,"tags":["white-balance-sunny"],"grid":0},"attrs":[{}],"properties":{"order":96,"id":8,"name":"white-balance-sunny","prevSize":32,"code":59696},"setIdx":0,"setId":6,"iconIdx":8},{"icon":{"paths":["M426.667 85.333c-77.653 0-150.613 21.333-213.333 57.6 128 73.813 213.333 211.2 213.333 369.067s-85.333 295.253-213.333 369.067c62.72 36.267 135.68 57.6 213.333 57.6 235.52 0 426.667-191.147 426.667-426.667s-191.147-426.667-426.667-426.667z"],"attrs":[{}],"isMulticolor":false,"isMulticolor2":false,"tags":["brightness-2"],"grid":0},"attrs":[{}],"properties":{"order":95,"id":9,"name":"brightness-2","prevSize":32,"code":59697},"setIdx":0,"setId":6,"iconIdx":9},{"icon":{"paths":["M341.333 219.307v597.333l469.333-298.667-469.333-298.667z"],"attrs":[{}],"isMulticolor":false,"isMulticolor2":false,"tags":["play"],"grid":0},"attrs":[{}],"properties":{"order":83,"id":10,"name":"play","prevSize":32,"code":59698},"setIdx":0,"setId":6,"iconIdx":10},{"icon":{"paths":["M725.333 128h-426.667c-46.933 0-85.333 38.4-85.333 85.333v682.667l298.667-128 298.667 128v-682.667c0-47.36-38.4-85.333-85.333-85.333z"],"attrs":[{}],"isMulticolor":false,"isMulticolor2":false,"tags":["bookmark"],"grid":0},"attrs":[{}],"properties":{"order":70,"id":11,"name":"bookmark","prevSize":32,"code":59699},"setIdx":0,"setId":6,"iconIdx":11},{"icon":{"paths":["M512 736.853l263.68 159.147-69.973-299.947 232.96-201.813-306.773-26.453-119.893-282.453-119.893 282.453-306.773 26.453 232.533 201.813-69.547 299.947 263.68-159.147z"],"attrs":[{}],"isMulticolor":false,"isMulticolor2":false,"grid":0,"tags":["star"]},"attrs":[{}],"properties":{"order":94,"id":26,"name":"star","prevSize":32,"code":59649},"setIdx":0,"setId":6,"iconIdx":12},{"icon":{"paths":["M426.667 896v-85.333h-153.173l192-192-60.16-60.16-192 192v-153.173h-85.333v298.667h298.667zM618.667 465.493l192-192v153.173h85.333v-298.667h-298.667v85.333h153.173l-192 192 60.16 60.16z"],"attrs":[{}],"isMulticolor":false,"isMulticolor2":false,"grid":0,"tags":["arrow-expand"]},"attrs":[{}],"properties":{"order":105,"id":27,"name":"arrow-expand","prevSize":32,"code":59650},"setIdx":0,"setId":6,"iconIdx":13},{"icon":{"paths":["M835.413 523.52c-1.707-26.453-10.667-46.507-26.453-60.16s-35.413-20.48-58.88-20.48c-24.747 0-46.080 7.253-59.307 21.76-14.080 14.507-23.040 34.133-26.453 58.88zM935.253 513.707c3.413 17.493 3.413 42.667 3.413 75.52h-277.333c2.133 38.4 14.933 64.853 40.107 80.213 14.933 9.813 33.28 14.507 55.040 14.507 22.613 0 40.96-5.973 54.187-17.493 8.533-6.4 15.36-14.933 21.333-26.453h101.547c-2.56 23.040-14.933 45.653-37.547 69.12-33.28 37.547-81.067 55.467-142.507 55.467-50.773 0-95.147-15.787-134.827-46.933-37.547-31.147-57.173-81.92-57.173-152.32 0-66.133 17.493-117.333 52.48-151.467 34.987-35.413 80.213-52.907 136.107-52.907 32.853 0 62.72 5.973 89.173 17.92s48.64 30.293 65.707 56.32c15.787 22.613 25.6 48.64 30.293 78.507zM408.747 600.32c0-27.733-11.52-46.933-33.707-57.173-12.373-5.547-30.293-8.533-53.333-9.813h-113.92v142.507h112.213c23.040 0 40.96-2.987 53.76-9.387 23.467-11.52 34.987-33.707 34.987-66.133zM207.787 446.293h112.213c23.040 0 42.667-4.267 56.32-13.227 14.507-8.533 21.333-24.32 21.333-46.507 0-23.893-9.387-40.96-28.16-49.067-16.64-5.547-37.547-8.107-62.72-8.107h-98.987zM500.053 529.92c13.653 21.333 20.48 47.36 20.48 77.653 0 32.427-8.533 59.733-23.467 84.907-10.24 16.64-22.613 30.293-37.547 41.813-17.067 12.373-37.12 21.76-60.16 26.453s-47.787 7.253-74.667 7.253h-239.36v-531.2h256c65.28 1.28 110.933 19.2 137.813 56.747 16.213 22.613 24.32 49.493 24.32 81.067 0 32.427-8.107 58.453-24.32 78.080-9.813 11.093-22.613 21.333-40.533 30.293 26.88 9.813 47.36 25.6 61.44 46.933zM855.893 312.32h-213.76v-53.333h213.76v53.333z"],"attrs":[{}],"isMulticolor":false,"isMulticolor2":false,"tags":["behance"],"grid":0},"attrs":[{}],"properties":{"order":71,"id":12,"name":"behance","prevSize":32,"code":59700},"setIdx":0,"setId":6,"iconIdx":14},{"icon":{"paths":["M700.587 785.92c-17.92-81.92-39.253-157.44-60.587-224 21.333-2.987 42.667-4.693 67.413-4.693h0.853c39.68 0 83.2 5.12 130.56 15.787-16.213 88.32-67.413 163.84-138.24 212.907zM512 844.8c-74.24 0-142.507-24.32-197.973-65.707 11.947-19.2 37.12-56.32 77.653-94.72 40.96-39.68 98.987-80.64 172.8-104.96 25.173 71.253 48.213 152.32 65.707 243.627-36.693 14.080-75.52 21.76-118.187 21.76zM179.2 512c0-1.707 0-2.987 0-4.693 9.387 0.427 21.76 0.427 36.267 0.427h0.427c66.56-0.427 183.467-5.973 302.080-43.093 6.4 14.080 12.8 28.587 19.2 43.947-79.36 26.453-141.653 68.693-187.733 110.080-43.947 40.96-74.24 80.64-91.733 106.667-48.64-57.173-78.507-131.84-78.507-213.333zM364.8 213.333c23.467 27.733 69.547 87.893 119.040 181.333-99.84 30.293-201.813 37.12-262.827 37.12-1.707 0-3.413 0-5.12 0h-0.427c-10.24 0-19.2 0-26.453-0.427 24.32-95.573 88.32-175.36 175.787-218.027zM512 179.2c78.507 0 150.613 27.307 207.36 72.96-43.52 52.48-100.693 89.173-163.413 116.907-43.947-84.48-86.613-145.067-114.773-182.187 23.040-4.693 46.507-7.68 70.827-7.68zM773.547 306.347c41.387 52.907 67.413 118.613 70.827 189.867-48.213-10.24-93.44-14.933-136.107-14.933v0h-0.427c-34.133 0-66.133 2.987-96.427 8.107-7.253-17.92-14.080-34.987-22.187-51.627 67.413-29.44 131.84-71.68 184.32-131.413zM512 85.333c-235.52 0-426.667 191.147-426.667 426.667s191.147 426.667 426.667 426.667c235.52 0 426.667-191.147 426.667-426.667s-191.147-426.667-426.667-426.667z"],"attrs":[{}],"isMulticolor":false,"isMulticolor2":false,"tags":["dribbble"],"grid":0},"attrs":[{}],"properties":{"order":75,"id":13,"name":"dribbble","prevSize":32,"code":59701},"setIdx":0,"setId":6,"iconIdx":15},{"icon":{"paths":["M725.333 85.333v0 0 170.667h-85.333c-29.44 0-42.667 34.56-42.667 64v106.667h128v170.667h-128v341.333h-170.667v-341.333h-128v-170.667h128v-170.667c0-94.293 76.373-170.667 170.667-170.667h128z"],"attrs":[{}],"isMulticolor":false,"isMulticolor2":false,"tags":["facebook"],"grid":0},"attrs":[{}],"properties":{"order":76,"id":14,"name":"facebook","prevSize":32,"code":59702},"setIdx":0,"setId":6,"iconIdx":16},{"icon":{"paths":["M512 85.333c-235.52 0-426.667 191.147-426.667 426.667 0 188.587 122.453 348.587 291.84 405.333 21.333 3.413 28.16-9.813 28.16-21.333 0-9.813 0-36.693 0-72.107-118.187 25.6-143.36-57.173-143.36-57.173-19.627-49.493-47.36-62.72-47.36-62.72-38.827-26.453 2.987-25.6 2.987-25.6 42.667 2.987 65.28 43.947 65.28 43.947 37.12 64.853 99.84 45.653 124.16 35.413 3.84-27.733 14.933-46.507 26.88-57.173-94.72-10.667-194.133-47.36-194.133-209.92 0-47.36 16.213-85.333 43.947-115.627-4.267-10.667-19.2-55.040 4.267-112.64 0 0 35.84-11.52 117.333 43.52 33.707-9.387 70.4-14.080 106.667-14.080s72.96 4.693 106.667 14.080c81.493-55.040 117.333-43.52 117.333-43.52 23.467 57.6 8.533 101.973 4.267 112.64 27.733 30.293 43.947 68.267 43.947 115.627 0 162.987-99.84 198.827-194.987 209.493 15.36 13.227 29.44 39.253 29.44 78.933 0 57.173 0 103.253 0 116.907 0 11.52 6.827 25.173 28.587 21.333 169.387-57.173 291.413-216.747 291.413-405.333 0-235.52-191.147-426.667-426.667-426.667z"],"attrs":[{}],"isMulticolor":false,"isMulticolor2":false,"tags":["github-circle"],"grid":0},"attrs":[{}],"properties":{"order":77,"id":15,"name":"github-circle","prevSize":32,"code":59703},"setIdx":0,"setId":6,"iconIdx":17},{"icon":{"paths":["M332.8 85.333h358.4c136.533 0 247.467 110.933 247.467 247.467v358.4c0 136.533-110.933 247.467-247.467 247.467h-358.4c-136.533 0-247.467-110.933-247.467-247.467v-358.4c0-136.533 110.933-247.467 247.467-247.467zM324.267 170.667c-84.907 0-153.6 68.693-153.6 153.6v375.467c0 84.907 68.693 153.6 153.6 153.6h375.467c84.907 0 153.6-68.693 153.6-153.6v-375.467c0-84.907-68.693-153.6-153.6-153.6h-375.467zM736 234.667c29.44 0 53.333 23.893 53.333 53.333s-23.893 53.333-53.333 53.333c-29.44 0-53.333-23.893-53.333-53.333s23.893-53.333 53.333-53.333zM512 298.667c117.76 0 213.333 95.573 213.333 213.333s-95.573 213.333-213.333 213.333c-117.76 0-213.333-95.573-213.333-213.333s95.573-213.333 213.333-213.333zM512 384c-70.827 0-128 57.173-128 128s57.173 128 128 128c70.827 0 128-57.173 128-128s-57.173-128-128-128z"],"attrs":[{}],"isMulticolor":false,"isMulticolor2":false,"tags":["instagram"],"grid":0},"attrs":[{}],"properties":{"order":78,"id":16,"name":"instagram","prevSize":32,"code":59704},"setIdx":0,"setId":6,"iconIdx":18},{"icon":{"paths":["M896 896h-170.667v-288c0-45.227-50.773-82.773-96-82.773s-74.667 37.547-74.667 82.773v288h-170.667v-512h170.667v85.333c28.16-45.653 100.693-75.093 149.333-75.093 106.667 0 192 87.040 192 192.427v309.333zM298.667 896h-170.667v-512h170.667v512zM213.333 128c46.933 0 85.333 38.4 85.333 85.333s-38.4 85.333-85.333 85.333c-46.933 0-85.333-38.4-85.333-85.333s38.4-85.333 85.333-85.333z"],"attrs":[{}],"isMulticolor":false,"isMulticolor2":false,"tags":["linkedin"],"grid":0},"attrs":[{}],"properties":{"order":79,"id":17,"name":"linkedin","prevSize":32,"code":59705},"setIdx":0,"setId":6,"iconIdx":19},{"icon":{"paths":["M385.707 919.040c40.96 12.373 82.347 19.627 126.293 19.627 235.52 0 426.667-191.147 426.667-426.667s-191.147-426.667-426.667-426.667c-235.52 0-426.667 191.147-426.667 426.667 0 181.333 113.92 337.067 274.773 398.507-3.84-33.28-7.68-88.32 0-126.293l49.067-210.773c0 0-12.373-24.747-12.373-64 0-58.88 36.693-102.827 78.507-102.827 36.693 0 53.76 26.88 53.76 61.44 0 36.693-24.32 89.173-36.693 139.52-7.253 41.813 22.187 78.507 64.853 78.507 75.947 0 134.827-81.067 134.827-195.413 0-102.4-73.387-172.373-178.773-172.373-120.32 0-191.147 89.6-191.147 183.893 0 36.693 11.947 73.813 31.573 98.133 3.84 2.56 3.84 5.973 2.56 12.373l-12.373 46.507c0 7.253-4.693 9.813-11.947 4.693-54.613-23.893-86.187-101.547-86.187-164.267 0-134.827 95.573-257.28 279.893-257.28 146.773 0 261.12 105.387 261.12 245.333 0 146.773-90.88 264.533-221.013 264.533-41.387 0-81.92-22.187-96.427-48.213l-28.587 101.12c-9.813 36.693-36.693 85.76-55.040 115.2v-1.28z"],"attrs":[{}],"isMulticolor":false,"isMulticolor2":false,"tags":["pinterest"],"grid":0},"attrs":[{}],"properties":{"order":82,"id":18,"name":"pinterest","prevSize":32,"code":59706},"setIdx":0,"setId":6,"iconIdx":20},{"icon":{"paths":["M934.4 181.76c-11.093-30.293-40.107-50.773-72.533-50.773h-699.307c-31.573 0-60.587 20.053-72.107 49.92-3.413 8.96-5.12 17.92-5.12 27.307v257.707l2.987 51.2c12.373 116.48 72.96 218.027 166.4 289.28 1.28 1.28 3.413 2.56 5.12 4.267h0.853c50.347 36.693 106.24 61.44 165.973 73.813 29.013 5.547 57.6 8.533 85.333 8.533 26.88 0 53.333-2.56 78.933-7.253 3.413-0.427 6.4-1.28 9.387-1.707 0.853-0.427 1.707-0.853 2.987-1.28 58.027-12.373 111.787-36.693 160-72.107h0.853c1.707-1.707 3.84-2.987 5.12-4.267 93.44-71.253 154.027-172.8 166.4-289.28l2.987-51.2v-257.707c0-8.533-1.28-17.493-4.267-26.453zM753.92 450.133l-200.96 192.427c-11.093 11.093-26.027 16.213-40.96 16.213-14.080 0-28.587-5.12-40.107-16.213l-200.533-192.427c-23.467-22.187-24.32-59.307-1.707-82.773 22.187-23.467 59.307-23.893 82.773-1.707l159.573 153.6 160.853-153.6c23.040-22.187 60.16-21.333 82.773 1.707 22.187 23.467 21.333 60.587-1.707 82.773z"],"attrs":[{}],"isMulticolor":false,"isMulticolor2":false,"tags":["pocket"],"grid":0},"attrs":[{}],"properties":{"order":92,"id":19,"name":"pocket","prevSize":32,"code":59707},"setIdx":0,"setId":6,"iconIdx":21},{"icon":{"paths":["M938.667 490.667c0-59.733-46.933-106.667-106.667-106.667-25.6 0-51.2 8.533-68.267 25.6-64-38.4-140.8-64-230.4-68.267l46.933-170.667 145.067 42.667c0 46.933 38.4 85.333 85.333 85.333s85.333-38.4 85.333-85.333c0-46.933-38.4-85.333-85.333-85.333-29.867 0-59.733 17.067-72.533 42.667l-170.667-42.667c-12.8-4.267-21.333 4.267-25.6 17.067l-51.2 196.267c-85.333 4.267-166.4 29.867-230.4 68.267-17.067-17.067-42.667-25.6-68.267-25.6-59.733 0-106.667 46.933-106.667 106.667 0 38.4 17.067 68.267 46.933 89.6l-4.267 38.4c0 153.6 170.667 277.333 384 277.333s384-123.733 384-277.333l-4.267-38.4c29.867-21.333 46.933-51.2 46.933-89.6zM384 503.467c29.867 0 51.2 25.6 51.2 51.2s-21.333 51.2-51.2 51.2c-29.867 0-51.2-21.333-51.2-51.2s21.333-51.2 51.2-51.2zM674.133 733.867c-76.8 46.933-247.467 46.933-324.267 0-8.533-8.533-12.8-21.333-4.267-29.867s21.333-12.8 29.867-4.267c51.2 38.4 221.867 38.4 273.067 0 8.533-8.533 21.333-4.267 29.867 4.267s4.267 21.333-4.267 29.867zM640 605.867c-29.867 0-51.2-25.6-51.2-51.2 0-29.867 25.6-51.2 51.2-51.2 29.867 0 51.2 25.6 51.2 51.2 0 29.867-21.333 51.2-51.2 51.2z"],"attrs":[{}],"isMulticolor":false,"isMulticolor2":false,"tags":["reddit"],"grid":0},"attrs":[{}],"properties":{"order":91,"id":20,"name":"reddit","prevSize":32,"code":59708},"setIdx":0,"setId":6,"iconIdx":22},{"icon":{"paths":["M263.68 667.307c51.2 0 93.013 41.813 93.013 93.013 0 50.347-41.813 93.013-93.013 93.013-50.347 0-93.013-42.667-93.013-93.013 0-51.2 41.813-93.013 93.013-93.013zM170.667 189.44c366.507 0 663.893 297.387 663.893 663.893h-120.747c0-299.947-243.2-543.147-543.147-543.147v-120.747zM170.667 430.933c233.387 0 422.4 189.013 422.4 422.4h-120.747c0-166.4-135.253-301.653-301.653-301.653v-120.747z"],"attrs":[{}],"isMulticolor":false,"isMulticolor2":false,"tags":["rss"],"grid":0},"attrs":[{}],"properties":{"order":90,"id":21,"name":"rss","prevSize":32,"code":59709},"setIdx":0,"setId":6,"iconIdx":23},{"icon":{"paths":["M417.28 795.733l11.947-180.48 327.68-295.253c14.507-13.227-2.987-19.627-22.187-8.107l-404.48 255.573-174.933-55.467c-37.547-10.667-37.973-36.693 8.533-55.467l681.387-262.827c31.147-14.080 61.013 7.68 49.067 55.467l-116.053 546.56c-8.107 38.827-31.573 48.213-64 30.293l-176.64-130.56-84.907 82.347c-9.813 9.813-17.92 17.92-35.413 17.92z"],"attrs":[{}],"isMulticolor":false,"isMulticolor2":false,"tags":["telegram"],"grid":0},"attrs":[{}],"properties":{"order":89,"id":22,"name":"telegram","prevSize":32,"code":59710},"setIdx":0,"setId":6,"iconIdx":24},{"icon":{"paths":["M725.333 469.333h-170.667v192c0 40.107 11.947 64 64 64h106.667v170.667c0 0-62.293 2.133-120.747 2.133-143.787 0-199.253-87.467-199.253-183.467v-245.333h-106.667v-170.667c130.987-11.093 139.52-106.667 149.333-170.667h106.667v170.667h170.667z"],"attrs":[{}],"isMulticolor":false,"isMulticolor2":false,"tags":["tumblr"],"grid":0},"attrs":[{}],"properties":{"order":88,"id":23,"name":"tumblr","prevSize":32,"code":59711},"setIdx":0,"setId":6,"iconIdx":25},{"icon":{"paths":["M958.293 256c-32.853 14.933-68.267 24.747-104.96 29.44 37.547-22.613 66.56-58.453 80.213-101.547-35.413 21.333-74.667 36.267-116.053 44.8-33.707-36.693-81.067-58.027-134.827-58.027-100.267 0-182.187 81.92-182.187 183.040 0 14.507 1.707 28.587 4.693 41.813-151.893-7.68-287.147-80.64-377.173-191.147-15.787 26.88-24.747 58.453-24.747 91.733 0 63.573 32 119.893 81.493 151.893-30.293 0-58.453-8.533-83.2-21.333 0 0 0 0 0 1.28 0 88.747 63.147 162.987 146.773 179.627-15.36 4.267-31.573 6.4-48.213 6.4-11.52 0-23.040-1.28-34.133-3.413 23.040 72.107 90.027 125.867 170.667 127.147-62.293 49.493-141.227 78.507-227.413 78.507-14.507 0-29.013-0.853-43.52-2.56 81.067 52.053 177.493 82.347 280.747 82.347 336.213 0 520.96-279.040 520.96-520.96 0-8.107 0-15.787-0.427-23.893 35.84-25.6 66.56-58.027 91.307-95.147z"],"attrs":[{}],"isMulticolor":false,"isMulticolor2":false,"tags":["twitter"],"grid":0},"attrs":[{}],"properties":{"order":87,"id":24,"name":"twitter","prevSize":32,"code":59712},"setIdx":0,"setId":6,"iconIdx":26},{"icon":{"paths":["M887.467 330.24c5.547-17.92 0-31.573-26.453-31.573h-86.187c-22.187 0-32 11.52-37.547 24.32 0 0-43.947 107.093-106.24 177.067-20.48 20.053-29.44 26.453-40.533 26.453-5.547 0-14.507-6.4-14.507-24.747v-171.52c0-21.76-5.12-31.573-23.467-31.573h-136.107c-13.653 0-21.76 10.24-21.76 20.053 0 20.48 32 25.6 34.133 84.053v127.147c0 28.16-5.12 33.28-15.787 33.28-29.013 0-100.693-107.947-142.933-230.827-8.533-23.893-16.64-33.707-38.827-33.707h-86.613c-24.32 0-29.44 11.52-29.44 24.32 0 23.040 29.44 136.533 136.533 286.72 71.253 102.827 171.947 158.293 263.68 158.293 55.040 0 61.867-12.373 61.867-33.707v-77.653c0-24.32 5.12-29.44 22.613-29.44 12.8 0 34.56 6.4 85.76 55.467 58.88 58.88 68.267 85.333 101.547 85.333h86.187c24.747 0 37.12-12.373 30.293-36.693-7.68-24.32-35.84-59.733-72.96-101.547-20.053-23.467-50.347-49.067-59.733-62.293-12.8-16.213-8.96-23.467 0-38.4 0 0 105.387-148.053 116.48-198.827z"],"attrs":[{}],"isMulticolor":false,"isMulticolor2":false,"tags":["vk"],"grid":0},"attrs":[{}],"properties":{"order":86,"id":25,"name":"vk","prevSize":32,"code":59713},"setIdx":0,"setId":6,"iconIdx":27}],"height":1024,"metadata":{"name":"IVEEL"},"preferences":{"showGlyphs":true,"showQuickUse":true,"showQuickUse2":true,"showSVGs":true,"fontPref":{"prefix":"icon-","metadata":{"fontFamily":"IVEEL","majorVersion":1,"minorVersion":0},"metrics":{"emSize":1024,"baseline":6.25,"whitespace":50},"embed":false,"noie8":true,"ie7":false,"showSelector":false,"showMetrics":false,"showMetadata":false,"showVersion":false,"resetPoint":59648},"imagePref":{"prefix":"icon-","png":true,"useClassSelector":true,"color":0,"bgColor":16777215,"classSelector":".icon"},"historySize":50,"showCodes":true,"gridSize":16,"showLiga":false}}